INSERT INTO `security`.`users` (`id`,`created`,`created_by`,`deleted`,`deleted_by`,`description`,`enabled`,`modified`,`modified_by`,`public_id`,`version`,`email`,`email_verification_status`,`email_verification_token`,`encrypted_password`,`first_name`,`last_name` ,`mobile_phone`,`organization`,`token_secret`) VALUES ('1','2021-07-07 22:35:34','6Uct2PxYRXSUH1Xf6BTWB7cVI07Oof','0','','Super User with all permissions','1','2021-07-07 22:35:34','6Uct2PxYRXSUH1Xf6BTWB7cVI07Oof','6Uct2PxYRXSUH1Xf6BTWB7cVI07Oof','0','rashad.aliyev@yahoo.com', '1', 'H4twhBpcG0XOMIfmNFbr','$2a$10$juBtUNrcn0jjhTeiV7hTDevZ.PAR3.RvyXwx06qUZYXqfmtlBVGXa', 'Rashad', 'Aliyev','00994502501419', 'Ameco','6Uct2PxYRXSUH1Xf6BTWB7cVI07Oof1');

INSERT INTO `security`.`roles` (`id`,`created`,`created_by`,`deleted`,`deleted_by`,`description`,`enabled`,`modified`,`modified_by`,`public_id`,`version`,`role`) VALUES ('1','2021-07-07 22:35:34','6Uct2PxYRXSUH1Xf6BTWB7cVI07Oof','0','','Super Role with all permissions','1','2021-07-07 22:35:34','6Uct2PxYRXSUH1Xf6BTWB7cVI07Oof','sFr4D','0','Super');
INSERT INTO `security`.`roles` (`id`,`created`,`created_by`,`deleted`,`deleted_by`,`description`,`enabled`,`modified`,`modified_by`,`public_id`,`version`,`role`) VALUES ('2','2021-07-07 22:35:34','6Uct2PxYRXSUH1Xf6BTWB7cVI07Oof','0','','This role has Access to everything','1','2021-07-07 22:35:34','6Uct2PxYRXSUH1Xf6BTWB7cVI07Oof','5Tf54','0','Administrator');
INSERT INTO `security`.`roles` (`id`,`created`,`created_by`,`deleted`,`deleted_by`,`description`,`enabled`,`modified`,`modified_by`,`public_id`,`version`,`role`) VALUES ('3','2021-07-07 22:35:34','6Uct2PxYRXSUH1Xf6BTWB7cVI07Oof','0','','This role for normal users','1','2021-07-07 22:35:34','6Uct2PxYRXSUH1Xf6BTWB7cVI07Oof','35Ch5','0','User');

INSERT INTO `security`.`user_roles` (`role_id`, `user_id`) VALUES ('1', '1'); 


INSERT INTO `security`.`permissions` (`id`,`created`,`created_by`,`deleted`,`deleted_by`,`description`,`enabled`,`modified`,`modified_by`,`public_id`,`version`, `permission`) VALUES ('1','2021-07-07 22:35:34','6Uct2PxYRXSUH1Xf6BTWB7cVI07Oof','0','','Get User list','1','2021-07-07 22:35:34','6Uct2PxYRXSUH1Xf6BTWB7cVI07Oof','iur4D','0', 'PERM_USER_LIST_GET');
INSERT INTO `security`.`permissions` (`id`,`created`,`created_by`,`deleted`,`deleted_by`,`description`,`enabled`,`modified`,`modified_by`,`public_id`,`version`, `permission`) VALUES ('2','2021-07-07 22:35:34','6Uct2PxYRXSUH1Xf6BTWB7cVI07Oof','0','','Get user info according UserPublicId','1','2021-07-07 22:35:34','6Uct2PxYRXSUH1Xf6BTWB7cVI07Oof','puk7D','0', 'PERM_USER_BY_USERPUBLICID_GET');
INSERT INTO `security`.`permissions` (`id`,`created`,`created_by`,`deleted`,`deleted_by`,`description`,`enabled`,`modified`,`modified_by`,`public_id`,`version`, `permission`) VALUES ('3','2021-07-07 22:35:34','6Uct2PxYRXSUH1Xf6BTWB7cVI07Oof','0','','Create new User','1','2021-07-07 22:35:34','6Uct2PxYRXSUH1Xf6BTWB7cVI07Oof','jur64','0', 'PERM_CREATE_USER_POST');
INSERT INTO `security`.`permissions` (`id`,`created`,`created_by`,`deleted`,`deleted_by`,`description`,`enabled`,`modified`,`modified_by`,`public_id`,`version`, `permission`) VALUES ('4','2021-07-07 22:35:34','6Uct2PxYRXSUH1Xf6BTWB7cVI07Oof','0','','Update User info according UserPublicId','1','2021-07-07 22:35:34','6Uct2PxYRXSUH1Xf6BTWB7cVI07Oof','Gte8H','0', 'PERM_UPDATE_USER_PUT');
INSERT INTO `security`.`permissions` (`id`,`created`,`created_by`,`deleted`,`deleted_by`,`description`,`enabled`,`modified`,`modified_by`,`public_id`,`version`, `permission`) VALUES ('5','2021-07-07 22:35:34','6Uct2PxYRXSUH1Xf6BTWB7cVI07Oof','0','','PERM_UPDATE_USER_PROFILE_PUT','1','2021-07-07 22:35:34','6Uct2PxYRXSUH1Xf6BTWB7cVI07Oof','IU765','0', 'PERM_UPDATE_USER_PROFILE_PUT');
INSERT INTO `security`.`permissions` (`id`,`created`,`created_by`,`deleted`,`deleted_by`,`description`,`enabled`,`modified`,`modified_by`,`public_id`,`version`, `permission`) VALUES ('6','2021-07-07 22:35:34','6Uct2PxYRXSUH1Xf6BTWB7cVI07Oof','0','','Delete User account according UserPublicId','1','2021-07-07 22:35:34','6Uct2PxYRXSUH1Xf6BTWB7cVI07Oof','sl874','0', 'PERM_DELETE_USER_DELETE');
INSERT INTO `security`.`permissions` (`id`,`created`,`created_by`,`deleted`,`deleted_by`,`description`,`enabled`,`modified`,`modified_by`,`public_id`,`version`, `permission`) VALUES ('7','2021-07-07 22:35:34','6Uct2PxYRXSUH1Xf6BTWB7cVI07Oof','0','','Disable User account according UserPublicId','1','2021-07-07 22:35:34','6Uct2PxYRXSUH1Xf6BTWB7cVI07Oof','lO6R4','0', 'PERM_DISABLE_USER_PUT');
INSERT INTO `security`.`permissions` (`id`,`created`,`created_by`,`deleted`,`deleted_by`,`description`,`enabled`,`modified`,`modified_by`,`public_id`,`version`, `permission`) VALUES ('8','2021-07-07 22:35:34','6Uct2PxYRXSUH1Xf6BTWB7cVI07Oof','0','','Get Role List','1','2021-07-07 22:35:34','6Uct2PxYRXSUH1Xf6BTWB7cVI07Oof','Pyr6R','0', 'PERM_ROLE_LIST_GET');
INSERT INTO `security`.`permissions` (`id`,`created`,`created_by`,`deleted`,`deleted_by`,`description`,`enabled`,`modified`,`modified_by`,`public_id`,`version`, `permission`) VALUES ('9','2021-07-07 22:35:34','6Uct2PxYRXSUH1Xf6BTWB7cVI07Oof','0','','UpCreate new Role','1','2021-07-07 22:35:34','6Uct2PxYRXSUH1Xf6BTWB7cVI07Oof','Wr658','0', 'PERM_CREATE_ROLE_POST');
INSERT INTO `security`.`permissions` (`id`,`created`,`created_by`,`deleted`,`deleted_by`,`description`,`enabled`,`modified`,`modified_by`,`public_id`,`version`, `permission`) VALUES ('10','2021-07-07 22:35:34','6Uct2PxYRXSUH1Xf6BTWB7cVI07Oof','0','','Update Role Info','1','2021-07-07 22:35:34','6Uct2PxYRXSUH1Xf6BTWB7cVI07Oof','98UgR','0', 'PERM_UPDATE_ROLE_PUT');
INSERT INTO `security`.`permissions` (`id`,`created`,`created_by`,`deleted`,`deleted_by`,`description`,`enabled`,`modified`,`modified_by`,`public_id`,`version`, `permission`) VALUES ('11','2021-07-07 22:35:34','6Uct2PxYRXSUH1Xf6BTWB7cVI07Oof','0','','Update Role Permissions','1','2021-07-07 22:35:34','6Uct2PxYRXSUH1Xf6BTWB7cVI07Oof','MrTT6','0', 'PERM_UPDATE_ROLE_PERMISSIONS_PUT');
INSERT INTO `security`.`permissions` (`id`,`created`,`created_by`,`deleted`,`deleted_by`,`description`,`enabled`,`modified`,`modified_by`,`public_id`,`version`, `permission`) VALUES ('12','2021-07-07 22:35:34','6Uct2PxYRXSUH1Xf6BTWB7cVI07Oof','0','','Delete Role','1','2021-07-07 22:35:34','6Uct2PxYRXSUH1Xf6BTWB7cVI07Oof','kj6W3','0', 'PERM_DELETE_ROLE_DELETE');


INSERT INTO `security`.`role_permissions` (`role_id`, `permission_id`) VALUES ('1', '1');
INSERT INTO `security`.`role_permissions` (`role_id`, `permission_id`) VALUES ('1', '2');
INSERT INTO `security`.`role_permissions` (`role_id`, `permission_id`) VALUES ('1', '3');
INSERT INTO `security`.`role_permissions` (`role_id`, `permission_id`) VALUES ('1', '4');
INSERT INTO `security`.`role_permissions` (`role_id`, `permission_id`) VALUES ('1', '5');
INSERT INTO `security`.`role_permissions` (`role_id`, `permission_id`) VALUES ('1', '6');
INSERT INTO `security`.`role_permissions` (`role_id`, `permission_id`) VALUES ('1', '7');
INSERT INTO `security`.`role_permissions` (`role_id`, `permission_id`) VALUES ('1', '8');
INSERT INTO `security`.`role_permissions` (`role_id`, `permission_id`) VALUES ('1', '9');
INSERT INTO `security`.`role_permissions` (`role_id`, `permission_id`) VALUES ('1', '10');
INSERT INTO `security`.`role_permissions` (`role_id`, `permission_id`) VALUES ('1', '11');
INSERT INTO `security`.`role_permissions` (`role_id`, `permission_id`) VALUES ('1', '12');